Aasem.Marie@Rašek.cz;Jarmil;Miguel
Adel.Hicham@Beisek.cz;Horst;Maros
Adolf.Alexis@Gargely.cz;"Lourdes Sofia";"William Arthur"
Adolf.Yagnikkumar@Ludmila.cz;Premysl;Hussain
"Adrian David.Vavrinec@Fionnuala.cz";Manoj;Brenner
Adrian.Alfred@Natália.cz;Maria-Carmen;Kiro
"Adrian.Šimon Václav@Kiro.cz";"POSILAT CV NA";Ronald
Afroditi.Vasil@Radoslava.cz;Aram;Harshvardhan
"Ahmad.Jeba Christo Christober@Lubomír.cz";Tadeáš;Vitaly
"Alberto.Valerie@Pedro Calero.cz";Horymir;Nathalie
"Alejandro.Hajnalka@Lucie .cz";David;Karol
Aleš.Jonas@René.cz;Walter;Jarmil
"ALexandra.Wanda@Karolína Melita.cz";Danna;Janeta
Alexei.Petar@Dimitrij.cz;Ilia;Lyle
Alexei.Viola@Žarko.cz;václav;Yanina
Alfons.Grzegorz@Luciana.cz;Jaromír;Matouš
Alisher.Ruta@Haodong.cz;Antónia;Filippo
Aljaboobi.Alexis@Azamat.cz;Maja;Angelika
"Alyona.Drahomír@Grant Richard.cz";Kodytek;Mieczyslaw
"Alžběta.TEST 2@Rahul.cz";Sasa;Filippo
Amer.Janeta@Steven.cz;Ludmila;Cristina
Amin.Elizarov@Ctibor.cz;Yacine;Ugis
Amin.Sergej@Óscar.cz;Jaczek;Atif
Anastasija.Marcel@Pio.cz;Yulia;Adam
Anastasiya.Jakub@xx.cz;Anastasios;"Kaveh Kalantar"
Andiy.Duncan@Yacine.cz;Dzmitry;Franta
"Andra Elena.Atanas@Ziad.cz";Alexandra;Lutz
André.Bohdana@Žarko.cz;Leo;Stanislau
Andrej.stanislav@Cinthoiba.cz;Yordan;"Zadavani kandidata"
"Andrew James Alastair.Muhammed@Klára.cz";Raymond;Jasmin
Andrey.Provázek@Joachim.cz;Alessandro;Altemir
Andrian.Etienne@Irina.cz;Rudi;"EX Andrea"
Andrian.Vladan@Lada.cz;Liudmyla;Janka
Andrzej.Mortaba@Andrew.cz;Ingeborg;Sofoklis
Aneta.Radmil@Kristián.cz;Szerda;"Johan Christiaan"
"Angelika.Margarita@Garan Mario.cz";Anastasiya;Hodaň
Anka.Edmund@Cameron.cz;Zdena;Vilma
Anton.Yurii@Nadim.cz;Norman;Kristián
Antónia.pavel@Leon.cz;Hussein;Yagnikkumar
Antonín.Angelika@Limerick.cz;Vieroslava;"Mert Ozan"
Antonin.Edgar@Zbyněk.cz;Liza;Emma
Aranka.Zoltán@Lydie.cz;Gábor;fikce
Arpád.Krisztian@Nirav.cz;Cástulo;Jiřina
Arpád.Renáta@Tery.cz;Alexander;Štepán
Art.Leos@Guillaume.cz;Parvathi;Ulugbek
Artem.Zaidan@Gita.cz;Vadim;Anastasiia
"Artiom.Muhammad Mansoor@Cesar Adrian.cz";Ievgen;Mortaba
Artur.Henrich@Altemir.cz;Mamadou;Jarmil
"Arun Kumar.Mustafa Ibrahim@Edmund.cz";Mirek;"Salma Bay"
Asutosh.Riyazuddin@Iuliana.cz;Ruta;Christián
"Ates.Livia@Gabriela .cz";"Juan Carlos Arteaga";Douglas
"Atila.Karolína Melita@Slavek.cz";Ludvík;Tatana
Attila.Dávid@Vadim.cz;pavel;Cestmir
Azamat.Olimjon@Yashwantha.cz;jaroslav;Špilka
Azat.Tomáš@Sylvia.cz;Harry;Drahoslava
Aziz.Marcela@Idris.cz;Kenneth;Modibo
"Balázs Krisztián.Mauro@Beata.cz";Milen;Jonathas
"Banka.Tatiana@Veronika 33.cz";Ákos;Julie
Barbara.Teofil@Pavel.cz;Ema;smazat
Bartosz.Erik@Leonardo.cz;VÍT;Zdeňka
Beáta.Gergely@Alisher.cz;Matouš;Miro
Beáta.Tom@František.cz;Teofil;Benjamín
Bedřich.Viera@Oxana.cz;Pasquale;"Syed Ifthikar"
Benjamin.Parvaiz@Petar.cz;Julie;Taras
Bernard.Albert@Alisa.cz;Yashwantha;Alina
Blanka.Anzhelika@Ondrejka.cz;Magdalena;Nikica
Bobko.Filippo@Herbert.cz;Slavmir;Silvie
"Bohdan.Jakub Michael@Kryštof.cz";Deepak;Lýdia
Bohdan.Přemysl@Oleksij.cz;Beáta;Saša
Bořek.Vlastimír@Alan.cz;Zisis;Berenika
"Boris.Jose Antonio@Ivona.cz";Art;Yokesh
Borivoj.Nikica@Brenner.cz;Ertug;Romeo
Bronislava.Kevin@Svatoslav.cz;Prasanna;Géza
Christián.Lubomír@Vašek.cz;Yordan;Philipp
"Christophe.Mirakmal@Miguel Gracia.cz";Dennis;Michele
Christophe.Nikodem@MIchal.cz;Vaclac;Sasa
Dalibor.Emanuele@Islam.cz;Mischka;Aleksei
Dalimil.Sona@Leon.cz;Ertug;Amos
Damian.Slívka@Kamilla.cz;Bernard;Sergei
"Daniel Charles.Marianela Isabel@Roberto.cz";Liudmyla;Evegenia
"Daniel Charles.Valér@Kornel.cz";Nemec;Judita
Daniil.Ron@Adel.cz;Walter;Parkan
Danuše.Elyor@Ronan.cz;Dmitri;test2
Dario.Soňa@Henrich.cz;Dominika;Rodrigo
Denisa.Samo@Lena.cz;Eli;Girish
Dennis.Dina@Abdelkader.cz;Nikol;Goce
Dennis.Hatim@smayat.cz;Natálie;Jindriska
Dinesh.Nadiya@Edouard.cz;"Emre Erkan";"Veronika 33"
"Diogo.smazat 1@Dmitri.cz";Marian;Dan
Dita.Sasa@Victorie.cz;Roger;Krzysztof
Dmitrii.Beata@Danuše.cz;"Josef Michael";Dragomir
Dmitrii.Oleksij@N.cz;Jozsef;Ivan
"Dmitriy.Drahoslava@smazat 1.cz";István;Radmil
Dobroslav.Tom@Ingeborg.cz;"Veronika 44";Gina
Domenico.Benjamin@Zbigněv.cz;vladimir;Valentyna
Dominika.Štěpán@Elena.cz;Vasilis;Emre
Done.Deepali@Gábor.cz;Miroslav;Lýdia
Done.Maksym@Sabina.cz;Ľudovít;Vitalij
Dorin.Julia@Isidoro.cz;Mariia;Yevhen
Dorin.Miran@Hien.cz;Jiřina;Marusia
Dorota.Stefano@Ernest.cz;Kristián;Mieczyslaw
Dragomir.Marián@Eniko.cz;andrii;Ashwin
Drahoslav.Tymur@Vinay.cz;"Josef Michael";Yurin
Dusan.Roderick@Kamila.cz;Arora;Angelina
Dusan.Vilém@Tamáš.cz;Atila;Richard
"Edgar.Edwin Alexander@Ladislav-Michael.cz";Věra;Nadiya
"Eduardo Junior.Sergej@Aravind.cz";Eddy;Alexey
Eduardo.Jacob@Kornoukhov.cz;"Karolína Melita";Marin
"Edwin Alexander.pokus@Tahar.cz";Zbyňek;Rita
"Efren Dominguez.Darek@Hynek.cz";Kostiantyn;Farid
Eliska.Jiří@Jirina.cz;Gábor;Evegenia
Elmurat.Damian@Klára.cz;Mariano;Soufian
Emanuel.Alina@TEST.cz;Robin;Quang
Emre.Valerij@Kvetoslav.cz;Valeria;Julia
"Eng Andrii.Marko@Ladislav-Michael.cz";Aleksei;Mirakmal
Erik.Vendelin@Wanda.cz;"Syed Ifthikar";Magda
Ertan.Sabina@Dario.cz;"Garan Mario";Katrin
Ertug.Bohumila@Ibrahim.cz;Yveta;Ilja
Estera.Vladimira@Sergio.cz;Tiago;Šimona
Eugen.Matouš@Jas.cz;Vesselin;Davide
"Eugen.Test researcher@václav.cz";Mousa;Alkomiet
"Eugen.Valeria@Prateek Prakash.cz";"Test researcher";Joel
Evgeny.Mikael@Marián.cz;Horymir;Zied
"Evženie.Dennis Frederik@Roman spak.cz";Jindriska;Bohumil
"EX - uz tam NEPRACUJE | Zita.Horymir@Theresa.cz";Giuliano;Elemír
"EX - uz tam NEPRACUJE | Zita.Živica@Akos.cz";Prasanna;Katrin
"EX Jan.Brony@Vondruška.cz";Ertug;"Mgr. Alena"
"Filippo.Jorge Mario@Mehmet.cz";"Ing. Radovan";Veornika
Fínová.Eduardo@Testovatel.cz;Jessica;Harry
Firtina.Omar@Nataša.cz;René;Imre
"Franscoise Johan.Muhammad Nadeem@Adela.cz";"Luu Ly";Štefan
Frantisek.Andrzej@Emirhan.cz;Raphael;Zbyszek
Frederic.Alyona@Lucie.cz;Lumír;Ema
Gabriel.pavel@Pedro.cz;Jana;Vikram
"Gala.Victor Mathias@Veronika Tralala.cz";Mach;Slávka
Gareth.Javid@Zied.cz;Markku;Andras
Gaurav.Oldrich@Magda.cz;Nancy;Johana
Gennady.Szerda@Lucian.cz;Raduan;"Dominika Céspedes"
Georgy.Alina@Veornika.cz;Bernard;Otakar
Goce.Alexandre@Milica.cz;Stephen;Dalimil
Grzegorz.Vitaliy@PRASHANT.cz;Saidov;Jaczek
"Guillermo Lopez.Pedro@Dinesh Kumar.cz";Samir;Bronislava
Gustáv.Roland@Angelina.cz;Safet;Fatima
"Hakim.Daniel Charles@Nadim.cz";"Lucie ";Roman
Hamid.Gendžaj@Theresa.cz;Seth;Gyorgyi
Harry.Robin@Marko.cz;Zisis;Renata
Harshvardhan.Irma@Miriam.cz;Oksana;Tamara
Hendrich.Giuseppe@Leo.cz;Balaji;Saidov
Hicham.Renáta@Terézia.cz;Slávka;Petrovická
Hitesh.Nadežda@Semjon.cz;Fabien;Artur
Hobl.Ilona@Lutz.cz;Lubica;Adnan
Honegr.Pepicka@Vanda.cz;Gustáv;Limerick
Ignác.Eddy@Nikoleta.cz;Wintr;Majdi
"Igor.Gabriela @Valér.cz";Nadim;Róbert
Ildar.Pieter@Testik.cz;Edyta;Ganna
Ildikó.Laura@Mike.cz;Limerick;Eric
Ilia.Marika@Jozsef.cz;Drahomíra;Alžbeta
Imád.Ilona@Diego.cz;"Prateek Prakash";Vinay
Imre.Arpád@Ľuboslav.cz;Richard;Stanek
Imre.Nuno@Arpád.cz;"Ing. Pavlína";Bhaumik
Iňaki.Agáta@Ron.cz;MIchaela;"Jorge Mario"
Ingrida.Done@Arkadiy.cz;"EX Jan";Natallia
Ioannis.Said@Yoshimi.cz;Hanus;Jura
Irina.Kristina@Vladimír.cz;Tu;"Jakub Michael"
Istvan.Gaston@Jack.cz;Hajnalka;test22
"Iva Marie.Bohumila@Marouan.cz";Maksym;Vojta
Izlem.Aleksej@Bashar.cz;Hamada;Attila
"Izzat Kass.Bystrík@Iuliia.cz";Zhanna;Ghassen
Jack.Juliana@Pasquale.cz;Salvatore;Horst
Jacob.Danylo@Alois.cz;Andrian;Sandhya
Jacob.Pawel@Odon.cz;"Muhammad Nadeem";Tomas
Jaczek.Phidias@Patricie.cz;"Salma Bay";"Bindioa Gilbert"
"Jan Vladimír.Salvador Rodriguez@Horymír.cz";Javid;Done
Ján.Jacek@Tichomír.cz;Ramon;"Pedro Nuno"
"Jana .Cristina@Marcin Jan.cz";Augustin;Marika
"Janetta.Bindioa Gilbert@Dana.cz";Nagenthiran;Angel
Janette.Barbara@Leonardo.cz;Norman;Mikaela
Javid.Radka@Robért.cz;Biljana;Danna
Jayanth.Ramiz@Hicham.cz;Frédéric;Hicham
Jeanette.Tomáš@Yordan.cz;Ilona;Michaela
Jeff.Leonardo@Girish.cz;Soufian;Cenek
Jelena.Bibiána@Emanuel.cz;Shailender;Jaroslav
Jelena.Emirhan@Jorge.cz;Nishi;X
Jesus.Elizaveta@Ramiz.cz;Vojtech;Oscar
Jesus.Ladislava@Joachim.cz;Lorant;"Haja Sherief"
Johana.Dáša@Győző.cz;Ivana;Alexandra
Jolana.Slavomir@Tiago.cz;Krištof;Vahid
Jordi.Dimitrij@Ondra.cz;romansmazat;Ludvík
"Jose Luis.Wassem@Lubomír.cz";Jarmil;Marcelo
"Jose Manuel Gonzalez.Anastasiia@Antonij.cz";Ahcene;Babics
"Jose Pablo.Ákos@Jose Manuel Gonzalez.cz";Petr;Adel
JOSEF.Miriama@Pasi.cz;Venkatesh;Katrin
Jozsef.Júlia@Alen.cz;Lubomír;Wanda
Jozue.Alois@Fedor.cz;Drahomir;Marcos
"Juan Manuel.Drahuše@Artur.cz";"Kodzo Nyatefe";Nuno
Júlia.neviem@Ayman.cz;Aleksa;Augustin
Kácha.Hanus@Javid.cz;Jindřich;Orosz
Kamil.Oleksij@Alexei.cz;Lesek;Ahmad
"Kamilla.Jose Manuel Gonzalez@Konstantin.cz";Francis;Thu
Kandidat.Evegenia@Jiří.cz;Vishesh;Standa
Karolina.Hanus@Hicham.cz;Školoudová;Radomír
Katarina.Michał@Oldřích.cz;Ghassen;Rudolfa
"Katarzyna Anna.Amos@Benjamín.cz";Alzbeta;Bára
Kateřina.Jorge@Yuliana.cz;Novák;Biljana
"Katia.Vladímir@Hong Quang.cz";Douglas;Irena
"Kaveh Kalantar.Gabriela@Heleda.cz";Gheorghe;Lucía
Kenneth.Tadeáš@Babics.cz;Hanuš;Renata
"Khrystyna.Levon@Izzat Kass.cz";Myslík;Florent
Kirill.Márián@Mariia.cz;"Eduardo Junior";"Sakthi Sai"
Kočová.Poloprutsky@Miluse.cz;Zdenko;"POSILAT CV NA"
Konstantyn.Zbyšek@Oscar.cz;Mikuláš;Patric
"Kornélia.Eldar@Jose Luis.cz";Tymur;Gabrielle
Kostiantyn.Slavomil@Joel.cz;Sylva;"Jose Francisco"
"Kristian.Etienne@Ing. Radka.cz";Prabhakaran;Tibor
Kristian.Kamila@Drahoslav.cz;Dorota;Deya
"Kristýna.Vojtěch@TEST 2.cz";Oto;Beisek
"Krontorad.Salvador Rodriguez@Darie.cz";"Izzat Kass";Azamat
"Kvetoslav.Maximilian@Josef Jakub.cz";Bohdan;Sanja
Kvetoslav.Zbyšek@Lech.cz;Léo;Hennadiy
"Kyryl.Devang@Jorge Mario.cz";Gaston;Rolando
Laith.Marusia@Berenika.cz;Dmytro;Rakeshumar
Laith.Velichko@Tomáč.cz;Emil;Matin
"Larysa.Balázs Krisztián@Tahar.cz";Rudi;Stanislav
Larysa.Kuklová@Jaromír.cz;Iris;root
Larysa.Tarik@Islam.cz;Vasyl;"Jose Luis"
Laso.Grygoriy@Zdena.cz;Yoon;Rakeshumar
Leon.Cyril@Karolina.cz;pani;Narendar
Leos.Vojtech@Urban.cz;Jakab;Ľudmila
Liana.Vahid@Juliána.cz;Gregory;Victor
"Libor G.Nicola@Rhea.cz";Mikulas;Vlado
Libuše.Bronislav@Nunhart.cz;Oldřiška;"Kodzo Nyatefe"
Libuše.Yacine@Vejan.cz;Andreas;Csilla
Lívia.Bastien@TEST.cz;Yasser;Radan
Loránt.Suku@Jaroslava.cz;"Marcin Jan";Kateřina
Lubomír.Aleksa@Wanda.cz;Olga;Rolf
Lubomír.Jerzy@Marián.cz;Nathalie;Larisa
Lubomír.Mariano@Marika.cz;Tobiáš;Alfréd
"Lubomir.Veronika Tralala@Karolina.cz";Iuliana;"Test 22"
Luboš.Dora@Ilja.cz;Lydia;"Zadavani kandidata"
Luboslava.Nagenthiran@Honegr.cz;"Emad eldin";Veronik
"Lucia.test2@Mohammad Baqir.cz";Yurin;Denisa
Lucián.neviem@Luboš.cz;Lambert;Azizbek
Ludovit.Bronislav@Yafim.cz;"Bindioa Gilbert";Oleksandr
Ludvík.Karolina@Yury.cz;Soufian;Javid
Luka.Ertug@Anastasiia.cz;Bibiana;Elizaveta
Lýdia.Božena@Kaan.cz;"Guillermo Lopez";Venuše
Lýdia.Tünde@Prasanna.cz;Elizarov;Ashwin
Lyudmyla.Hendrich@Cinthoiba.cz;Alois;Aurelijus
Magdalena.Rauf@Julien.cz;"Josef Michael";"Muhammad Nadeem"
Marcela.Viet@Vijaykamesh.cz;Ramiz;Drahomír
"Marcin Jan.Ingrida@Adriána.cz";Viktoriya;Sridhar
Marco.Božena@Dragomir.cz;"Lourdes Sofia";Ľubomíra
Marianna.Věra@Marie.cz;Gareth;Mariusz
Mariano.Jimi@Saverio.cz;Jelena;Alžběta
Marija.Amanda@Vit.cz;Mikoláš;"Vyas Singh"
"Mario Alonso.Roderick@Sandra.cz";Anthony;Ruslan
Mark.László@Soňa.cz;Maxym;Jordi
Marta.Estera@Damien.cz;Dmitri;Natalia
Marta.Marouan@Bartosz.cz;"Veronika Rachel";Elmir
"Martin Stanislav.Veronika 22@Oskar.cz";Lubor;Rita
"Matej.Aurélia@Tomáš Peter.cz";Vladimíra;Štepán
"Matej.Mehmet Halil@Maroš.cz";Stanislava;Adela
MAtej.Tünde@Oľga.cz;"Ing. Juraj";Jachym
Mateusz.TESTOVANI@Oleksandr.cz;Sušický;Duncan
Matin.Alexandre@Radoslava.cz;Mortaba;Sylwester
Max.Matin@Pepicka.cz;Lambert;Miros
Maximilian.Art@ŠOLLAR.cz;Larissa;Yurin
Mazen.Ksenia@Jasmin.cz;Orkhan;Hodaň
Mazen.René@Nadim.cz;Joel;Bhaumik
"Mehmet.Ferenc@Test 2.cz";Prabhakaran;Bernard
"Mgr. Alexandra.Dorota@Toni.cz";Michele;Andrey
"Michael David.Gyorgyi@Anka.cz";Amanda;Valerij
"Michael David.Mauro@TEST 2.cz";Deepak;Braňo
Michaela.Viet@Kácha.cz;Jevgenij;Rudolfa
"MIchal.Katarzyna Anna@Vitaly.cz";Elmurat;Ľubomíra
Michala.Artsiom@Tetiana.cz;"Anh Vu";Otomar
Michalis.Jozef@Christian.cz;jiří;Tichý
Michaš.Tu@Švec.cz;Souham;Kristýna
MIhai.Abraham@Antonij.cz;Silvia;Ugis
MIhai.Jaime@Otakar.cz;Alena;Darina
Mikaela.Kristyna@Thierry.cz;Magzhan;Patr
Mikaela.Przemysław@Dobroslav.cz;Mervin;Viola
Mike.Jesus@Vladimír.cz;"Juan Carlos";Lázaro
milos.Ruslan@Jaromíra.cz;Lubica;Suat
Miloslav.Eunika@Liza.cz;Matyáš;Světlana
"Miloslav.Pedro Calero@Mieczyslaw.cz";Darek;Viktar
Miluše.Vladimír@Thodoris.cz;Georg;Przemysław
"Mischka.Olena@Test Souhlasu.cz";Evgenía;Ľudmila
"Mohammad.Anastasiia@Trevor Allan.cz";Ingle;Aram
Mohammed.pan@Jean-Yves.cz;Róbert;Pasi
Momo.Jani@Iveta.cz;Emirhan;Yuliya
Mousa.Esma@Oleh.cz;"Jakub Michael";Georges
Nabil.Ramon@Dzmitry.cz;Daniel;Mátyás
Nadežda.Lora@Čílová.cz;Jelena;Vidhi
Nadežda.Maja@Lyle.cz;Vieroslava;Suat
Nadiya.Matúš@Edouard.cz;Zoroslav;Vítězslav
Nataša.Nuno@Attila.cz;"Marianela Isabel";Martin
Neklan.Emanuel@Věslav.cz;Darshil;Andrea
Nestor.Kvetoslava@Aleksey.cz;Eduard;Hanny
Nicholas.Dalimil@Nikolaos.cz;Jerguš;Jerzy
"Nicholas.Shravan@Oriol Vidal.cz";Kristián;Guillaume
"Nicola.Aram@Tomáš Peter.cz";"Erik Iglesias";Timea
"Nicola.Muhammad Mansoor@Tony.cz";"Tran Anh";Marcel
"Nicolas.Slavik@Jose Antonio.cz";Vojta;Lakshmanan
Nik.Vagelis@Pasi.cz;andrii;Vladislava
Nik.Vavrinec@Novák.cz;Romain;Yassine
"Nishanth.Sami@Prateek Prakash.cz";Javid;Saidov
Niveditha.Alfréd@Vilma.cz;Ziad;VERONIKA
Norbert.Klement@Shakthi.cz;Tibor;Štefek
Nunhart.Ruben@Liubomyr.cz;Tünde;Amgalanbayar
Nuno.Gratz@Srdjan.cz;Sláva;Tamás
Oksana.Aleksej@Lydie.cz;Danna;Nadiya
Oksana.Anastassia@Rita.cz;Ruxandra;Edvard
Olav.Mariem@Lubica.cz;Nikol;Jozef
Olena.Nilesh@Plamena.cz;"Aleix Roger";Dorin
Oľga.Alvaro@Evžen.cz;"Manh Thanh";Rajnald
"Oľga.Ana Marija@Ľudmila.cz";"Minh Tung";Alexander
Oľga.Livia@Viliam.cz;Ioana;Joo
Oliver.Rhea@HR.cz;Jindra;Farid
Omar.Andiy@Michalis.cz;Dragan;Altemir
Omer.Leos@Radomír.cz;Josef;Minar
"Ondrej.Hari Prasad@Mohammad Baqir.cz";Norbert;Vincent
"Ondřej.Oğul Can@Girish.cz";Slavek;Arjun
"Oscar.Pawan Kumar@Tejas.cz";Beisek;Roderick
Otakar.Sylvia@Dáša.cz;Ran;Vaclav
Oxana.Masoud@Témáš.cz;Adrian;Joost
pani.Miloš@Gennady.cz;Andras;Leo
Paula.Deya@Rudolf.cz;Jessica;Josef
Paula.JOSEF@Rasul.cz;Ladislav;Shailender
Paulina.Maurus@Kateryna.cz;Vojta;Géza
pavel.Edo@Angelov.cz;Ramon;Ivan
Pavlina.Vítězslav@Josef.cz;Jaromir;Vyacheslav
Pavol.Shripal@Przemysław.cz;Francis;Sona
Pepicka.Kateryna@Bibiana.cz;Fatima;Hynek
"petra.Anh@Anh Vu.cz";Iulia;Stela
petra.Jaromír@Eduard.cz;Yevgeniy;Drahomir
Phidias.Amelia@Jeanette.cz;Alfons;Premysl
Philipp.Karol@Bagrat.cz;"EX - uz tam NEPRACUJE | Zita";VERONIKA
pi..Agáta@Anezka.cz;Koray;Erwan
Pio.Vladyslava@Radomila.cz;Julian;Vidhi
Plamena.Limerick@Tal.cz;Elyor;Yvona
"Preeti.Erik Iglesias@Valentina.cz";"Oscar Medina";Adolf
Prouzova.Rolf@Elen.cz;Prasanna;Koray
"Przemyslaw.Yadhu Swaroop Chandra@Šubová.cz";Dávid;Štepánka
Radim.Amin@milos.cz;Modibo;Orkhan
"Radislav.Šimon Václav@Zisis.cz";Severin;Vitaliy
"Radka Johana.Nataša@Karim.cz";Martina;Radvan
"Radka Johana.Samo@Hu.cz";Alban;Julia
"Radomil.Syed Ifthikar@Aleš.cz";Dario;Dominika
Radomil.Vlado@Nelly.cz;Svetlana;Ahmad
Radomila.Radomira@Edin.cz;"Zdeněk Vrátný";Horymír
Radomír.Aleksa@Alexandra.cz;Rubal;Mica
Radoslaw.Prathamesh@Kaan.cz;Lubomír;Ludvik
Raduan.Ema@Fabrice.cz;Lorant;Nebojsa
"Rafael Cardoso.Parvaiz@Ester.cz";Tadeáš;Henrich
Raman.Miros@Hynek.cz;Alena;Dinesh
Raman.Sanja@Vlastimil.cz;Guillaume;Jurij
"Raman.Simon@Kodzo Nyatefe.cz";Yann;Nadežda
Ramon.DOMINIK@Valeryia.cz;MIhai;Slavek
Rasul.Janis@Ankur.cz;Nina;Jiří
Rauf.Adéla@Renat.cz;Bohdan;Amgalanbayar
Regína.Garen@Cenek.cz;"Vyas Singh";Vlastislav
Renée.Yanina@Hadrabová.cz;"Lourdes Sofia";Girish
"Repka.Ernest@Mohammad Baqir.cz";Vagelis;Lukáš
Rita.Lubomira@Ankur.cz;Vok;Míchal
Robért.Lakshmanan@Phidias.cz;Souham;Zbysek
Robért.Marin@Dorzhi.cz;Semjon;Youssef
Robért.Vladislav@Maja.cz;Emre;Piotr
Robin.Amanda@Jonathas.cz;"Radka Johana";Luba
Roger.Evzen@Vilma.cz;Karin;Matouš
Roman.Alen@Óscar.cz;Lukas;"Juan Carlos"
root.Davide@Ruxandra.cz;Vuk;Libora
Rubal.Trung@Lucian.cz;Norbert;"Pedro Nuno"
Ruta.Graham@Antonin.cz;"Štefan Vladimír";Matouš
Růžena.Artsiom@Roger.cz;Brian;Tal
Sachin.Vesselin@MACHRIS.cz;Gala;"POSILAT CV NA"
"Said.Pawan Kumar@Mojmir.cz";Sebastian;Yury
"Sami.Radka Johana@Dalimil.cz";"Libor G";Pasquale
Samirkumar.Štepán@Vasyl.cz;Rusnok;Tarik
Samo.a@Mike.cz;Raghavendar;romansmazat
Samo.PERSONÁLNÍ@Pedro.cz;Polina;Alžbeta
Samo.Tichý@Mariusz.cz;Dmitri;Arkadiy
Santosh.Stefania@Eli.cz;Nebojsa;Alexandr
"Sati Nur.Zlata@Alexandr.cz";Nicola;Oleksij
Seema.Jiřina@Nora.cz;Luis;Amir
Sergey.Maria-Carmen@Jakub.cz;Alyona;Boris
"Severin.Kvetoslava@William Arthur.cz";Vesselin;Tal
Severin.Tymur@Nikolay.cz;Valeriia;Garen
Shailender.Deepu@Valér.cz;Ina;Olena
Shailender.Giuliano@Anatolij.cz;Marco;Aydin
Silvia.p.@Nishanth.cz;Dorzhi;Kaloyan
"Simeon.Evženie@Ivo Daniel.cz";Wojciech;Patric
"Šimon Václav.Swathi@Zbyňek.cz";"Juan Pablo";"Karolína Melita"
Slávka.Erdem@Zbyšek.cz;Tony;Safet
Slavomil.Sergei@Andras.cz;Jindriska;"je na MD/RD | Zuzana"
smazat.Stefania@Isidoro.cz;Viktoria;Slavik
Sona.Ján@Drahuše.cz;Ema;Tomáš
Soňa.Ron@Jelena.cz;Quy;Heinrich
Soufian.Hobl@Natallia.cz;Kristián;Jimi
Souham.Teidai@Gargely.cz;Davide;Bernard
Sourabh.Personalní@Nebojša.cz;"Fabian Alberto";Patr
Špilka.Santhosh@Lucian.cz;Eduard;Mátyás
Špilka.smxaat@Mike.cz;Georg;"Syed Ifthikar"
Srdjan.Vítězslav@Vjačeslav.cz;Nikoleta;Marián
Srinivas.Akos@Nelly.cz;Irma;Lena
Standa.Idris@Ronan.cz;Simon;Hobl
"Standa.José Luís@Shishir.cz";Tomaš;Luba
Stanek.Narendar@Barboru.cz;Akshay;Haneen
Stanek.René@Iulia.cz;Radko;Anmol
"stanislav.Dana Mair@Jelena.cz";Larisa;Brian
stanislav.Darie@Teidai.cz;Emil;Emanuele
"Štefan.Andrew James Alastair@Agata.cz";Óscar;"TEST 2"
Štefánia.RIchard@Egor.cz;Ramiz;Valerij
Štefánia.Rostislav@Emma.cz;Jack;Lea
Štefánia.Sandra@Marina.cz;Vesselin;Štefek
Štepan.Mária@Jessica.cz;Soňa;Hitesh
Štepánka.Drahuše@Raghavendar.cz;"Anca Maria";Kyryl
Stepanka.Šubová@Deepu.cz;Rolando;Barboru
Stephane.Repka@Erik.cz;Iňaki;Vítězslav
"Stephen.Izzat Kass@Elizabeth.cz";Bronislava;aleb
Steve.Viola@Alon.cz;Veroslav;Ladislav
Stnislav.Nikol@Garen.cz;Harry;Rudi
Sven.Luboslava@Gratz.cz;"Guillermo Lopez";Vincent
Světlana.Aydin@Ahcene.cz;Evgeniya;Thodoris
Sylvia.Bohus@James.cz;Cameron;Otomar
Szabolcs.Sergius@Eraslan.cz;Vladan;"Efren Dominguez"
Tadeáš.Denys@Nishi.cz;Milen;Yordan
Tadeas.Eszter@Vok.cz;Bernard;Daniel
Tadeáš.Ivo@Rahul.cz;"je na MD/RD | Zuzana";Mortaba
"Tal.José Manuel@Vladan.cz";Damian;Jevhenij
Tal.Lumir@Janka.cz;Adel;Herman
Tamara.Thu@Fernando.cz;Lena;Miluše
"Test researcher.Jerzy@Ganna.cz";Baris;Dagmara
"TEST.Koray@Test 22.cz";Stanislava;Alex
Testovatel.Maria-Carmen@Gala.cz;Ludovít;Jeff
Thodoris.Prabhakaran@Drahoslava.cz;Nguyen;Imád
"Thomas James.Drahomir@Ivana.cz";Anis;"Michael David"
Thu.Guillaume@Ľuboslav.cz;Hussein;Petrovická
"Tiago.Otakar@Marcin Jan.cz";Kvetoslav;Tomáč
Tihomir.Maciej@Yury.cz;Hatim;Volodymyr
Timotej.Sergius@Elmurat.cz;Esma;Prouzova
"Timur.Joaquin Martinez@Burak.cz";Lubo;Lena
Timur.Kateryna@Arturo.cz;Kevin;Zdeno
"Tivadar.Daniel Charles@Toan.cz";Gregory;"Tomáš Peter"
Tom.Madri@Savindu.cz;Emília;Ahmad
Tomáč.Hobl@Štefánia.cz;"Joaquin Martinez";Dmitri
"Tomáš Peter.Lyudmyla@Hilda.cz";Rakeshumar;Erik
"tomas.Oğul Can@Jozue.cz";"Luis Perez";Brice
"Tran Anh.Alzbeta@Bohumil.cz";Ruta;Michaš
"Trevor Allan.Davit@Stefano.cz";"Arun Kumar";Veikko
Trung.Willi@Gabriele.cz;Ertan;Joel
Urban.VÍT@Steve.cz;Yevgeniy;Deepak
Usama.Paulina@Andres.cz;Nicolas;Liana
Vanda.Dobroslav@Jonáš.cz;Raymond;Danel
Vasilis.Sergej@Sam.cz;Aleh;Vladislav
Vavrinec.Patric@Jozue.cz;Felipe;Yelizaveta
Vendula.Madri@Veronia.cz;"Krishna Kumar";"Kodzo Nyatefe"
"Venera.Libor G@Vyas Singh.cz";Julian;Gafaru
Veornika.Valentyna@Nuno.cz;Štěpánka;Marušek
"Veronika Rachel.Erik Iglesias@Harsh.cz";"Fabian Alberto";"Marcin Jan"
"Veronika Rachel.Mehmet Halil@Andrian.cz";Yanina;Terézia
Veronikaka.Kiryl@Sonia.cz;"Efren Dominguez";Raghavendar
Veroslav.Sergius@Jordi.cz;Steven;"Zdeněk Vrátný"
Vesselin.Viktoria@Samuel.cz;Mirek;Jose
"Victor Gustavo.Bohdan@Yevgeniy.cz";Buricová;Viktor
Viet.Július@Rostislav.cz;Abduljalil;Tamara
Viktória.Lyudmyla@Ali.cz;Ruben;"Flor Adela"
Vinay.Miros@Fakturace.cz;"POSILAT CV NA";Leona
"Vishesh.Ilija@Ing. Radovan.cz";Akshaya;Radomil
Vjaceslav.Daria@Buricová.cz;"Lydie ";Angelika
Vjaceslav.Hatim@Věslav.cz;Drahoslav;Paulina
Vladimír.Souham@Veikko.cz;Ľuboslava;Nikolaos
Vladislava.Aydin@Jayaraghavendran.cz;"Juan Pablo";Kenneth
Vladislava.Július@Gabriela.cz;Yelizaveta;Arzu
Vlastimir.Ladislav-Michael@Istvan.cz;Gendžaj;"TEST 2"
Volodymir.Darshil@Sofoklis.cz;Wanda;Menkir
Vratko.Yasser@Maxmilian.cz;Krisztián;Bibiana
"Wassem.Dinesh Kumar@Mousa.cz";Štefánia;"Tomas Vila"
Willi.Roberto@Jana.cz;"Frank (Franciszek)";Renáta
Wintr.Sonia@Baljit.cz;Marcin;Gafaru
x.Dagmar@Rolf.cz;Nataša;Mariano
Xeniya.Vitaliy@Volodymir.cz;Narendar;Dimitrij
xx.Joo@Ferenc.cz;ZUSEBNI;Tatyana
"xxx.Mykhailo@Ing. Juraj.cz";x;Michele
"Yacine.Lucie @Sergej.cz";Georgios;Libusa
"Yadigar.Danil@Jose Francisco.cz";"Trevor Allan";Alois
Yassine.Miriam@Ruta.cz;Evgeny;"Victor Gustavo"
"Yogendra.Victor Contantin@Edwin Alexander.cz";Stano;Urban
Yokesh.Yuliana@Abraham.cz;Nathalie;Tamás
Yoshimi.Sabina@Nisant.cz;Vavrinec;Tana
Youssef.Duncan@Wioleta.cz;Olena;Gustáv
"Youssef.Lourdes Sofia@Tejas.cz";Michał;Henrich
Yuri.Slavomil@Imre.cz;Luca;Kamila
Yuriy.Kristyna@Luba.cz;Milada;Tigran
Yury.Raphael@Aurelijus.cz;Věra;"Krishna Kumar"
Zbynek.smazat@Miro.cz;Eugen;Jayaraghavendran
Zbyszek.Borek@Leonardo.cz;Zarbat;Aleksandar
"Zdenek.Jaime@Luu Ly.cz";Antonin;Aravind
Zdenka.Julia@Imád.cz;Zisis;Kaan
"Zdenka.Tomáš Peter@Luciana.cz";"EX Páviš";Lenka
Zhanna.Sylvia@Nikolay.cz;Fedor;Aljaboobi
